module,nib,code_idx,alg_name,param_idx,param_name,type,min,max,default,options
PRE,0x00,0,COMP,0,Sustain,Knob,0,99,20.0,
PRE,0x00,0,COMP,1,Output,Knob,0,99,50.0,
PRE,0x00,1,COMP4,0,Sustain,Knob,0,99,20.0,
PRE,0x00,1,COMP4,1,Attack,Knob,0,99,60.0,
PRE,0x00,1,COMP4,2,Output,Knob,0,99,50.0,
PRE,0x00,1,COMP4,3,Clip,Knob,0,99,10.0,
PRE,0x00,26,Boost,0,Gain,Knob,0,99,20.0,
PRE,0x00,26,Boost,1,Bright,Switch,,,1,On|Off
PRE,0x00,14,14 Boost,0,Gain,Knob,0,99,50.0,
PRE,0x01,1,AC Sim,0,Body,Knob,0,99,50.0,
PRE,0x01,1,AC Sim,1,Top,Knob,0,99,50.0,
PRE,0x01,1,AC Sim,2,VOL,Knob,0,99,50.0,
PRE,0x01,1,AC Sim,3,Mode,Combox,,,0,STD|Jumbo|ENH|Piezo
PRE,0x01,15,T-Wah,0,Sens,Knob,0,99,50.0,
PRE,0x01,15,T-Wah,1,Range,Knob,0,99,50.0,
PRE,0x01,15,T-Wah,2,Q,Knob,0,99,50.0,
PRE,0x01,15,T-Wah,3,Mix,Knob,0,99,50.0,
PRE,0x01,15,T-Wah,4,Mode,Combox,,,0,Guitar|Bass
PRE,0x01,21,A-WAH,0,Depth,Knob,0,99,50.0,
PRE,0x01,21,A-WAH,1,Rate,Knob,0.1,10,0.5,
PRE,0x01,21,A-WAH,2,VOL,Knob,0,99,50.0,
PRE,0x01,21,A-WAH,3,Low,Knob,0,99,20.0,
PRE,0x01,21,A-WAH,4,Q,Knob,0,99,70.0,
PRE,0x01,21,A-WAH,5,High,Knob,0,99,60.0,
PRE,0x01,21,A-WAH,6,Sync,Switch,,,0,On|Off
PRE,0x05,1,V-Wah,0,Range,Knob,0,99,50.0,
PRE,0x05,1,V-Wah,1,Q,Knob,0,99,50.0,
PRE,0x05,1,V-Wah,2,VOL,Knob,0,99,50.0,
PRE,0x05,8,C-Wah,0,Range,Knob,0,99,50.0,
PRE,0x05,8,C-Wah,1,Q,Knob,0,99,50.0,
PRE,0x05,8,C-Wah,2,VOL,Knob,0,99,50.0,
PRE,0x01,33,OCTA,0,L-Oct,Knob,0,99,50.0,
PRE,0x01,33,OCTA,1,H-Oct,Knob,0,99,50.0,
PRE,0x01,33,OCTA,2,Dry,Knob,0,99,50.0,
PRE,0x01,35,Pitch,0,H-Pitch,Knob,0,24,12.0,
PRE,0x01,35,Pitch,1,L-Pitch,Knob,0,-24,-12.0,
PRE,0x01,35,Pitch,2,Dry,Knob,0,99,50.0,
PRE,0x01,35,Pitch,3,H-Vol,Knob,0,99,50.0,
PRE,0x01,35,Pitch,4,L-Vol,Knob,0,99,50.0,
PRE,0x01,36,P-Bend,0,H-Pitch,Knob,0,12,12.0,
PRE,0x01,36,P-Bend,1,L-Pitch,Knob,0,-12,0.0,
PRE,0x01,36,P-Bend,2,Wet,Knob,0,99,50.0,
PRE,0x01,36,P-Bend,3,Dry,Knob,0,99,50.0,
PRE,0x01,36,P-Bend,4,Range,Knob,0,99,50.0,
PRE,0x01,73,Hammy,0,Range,Combox,,,2,-2 Oct|-1 Oct|+1 Oct|+2 Oct|+/-1 Oct|+/-2 Oct
PRE,0x01,73,Hammy,1,Harmony,Switch,,,0,On|Off
PRE,0x01,73,Hammy,2,VOL,Knob,0,99,99,
PRE,0x01,73,Hammy,3,Position,Knob,0,99,0,
PRE,0x01,51,Saturate,0,Gain,Knob,0,99,50.0,
PRE,0x01,51,Saturate,1,Mix,Knob,0,99,50.0,
PRE,0x01,51,Saturate,2,VOL,Knob,0,99,50.0,
PRE,0x01,51,Saturate,3,H-Cut,Knob,0,99,50.0,
PRE,0x01,25,Step Filter,0,Step 1,Knob,0,99,10.0,
PRE,0x01,25,Step Filter,1,Step 2,Knob,0,99,30.0,
PRE,0x01,25,Step Filter,2,Step 3,Knob,0,99,55.0,
PRE,0x01,25,Step Filter,3,Step 4,Knob,0,99,85.0,
PRE,0x01,25,Step Filter,4,Rate,Knob,0.1,10,0.5,
PRE,0x01,25,Step Filter,5,Sync,Switch,,,0,On|Off
PRE,0x01,47,Ring Mod,0,Mix,Knob,0,99,50.0,
PRE,0x01,47,Ring Mod,1,Freq,Knob,0,99,50.0,
PRE,0x01,47,Ring Mod,2,Fine,Knob,-50,50,0.0,
PRE,0x01,47,Ring Mod,3,Tone,Knob,0,99,50.0,
DST,0x03,20,Penesas,0,Gain,Knob,0,99,50.0,
DST,0x03,20,Penesas,1,Tone,Knob,0,99,50.0,
DST,0x03,20,Penesas,2,VOL,Knob,0,99,50.0,
DST,0x03,8,Scream OD,0,Gain,Knob,0,99,30.0,
DST,0x03,8,Scream OD,1,Tone,Knob,0,99,60.0,
DST,0x03,8,Scream OD,2,Volume,Knob,0,99,50.0,
DST,0x03,8,Scream OD,3,Fat,Switch,,,0,On|Off
DST,0x03,8,Scream OD,4,Air,Switch,,,1,On|Off
DST,0x03,11,Tube Clipper,0,Gain,Knob,0,99,50.0,
DST,0x03,11,Tube Clipper,1,Volume,Knob,0,99,50.0,
DST,0x03,11,Tube Clipper,2,Bass,Knob,0,99,50.0,
DST,0x03,11,Tube Clipper,3,Treble,Knob,0,99,50.0,
DST,0x03,16,TaiChi OD,0,Gain,Knob,0,99,40.0,
DST,0x03,16,TaiChi OD,1,Tone,Knob,0,99,30.0,
DST,0x03,16,TaiChi OD,2,Volume,Knob,0,99,50.0,
DST,0x03,16,TaiChi OD,3,Voice,Knob,0,99,60.0,
DST,0x03,41,Plustortion,0,Gain,Knob,0,99,50.0,
DST,0x03,41,Plustortion,1,Volume,Knob,0,99,50.0,
DST,0x03,45,Chief,0,Gain,Knob,0,99,50.0,
DST,0x03,45,Chief,1,Volume,Knob,0,99,50.0,
DST,0x03,45,Chief,2,Bass,Knob,0,99,50.0,
DST,0x03,45,Chief,3,Middle,Knob,0,99,50.0,
DST,0x03,45,Chief,4,Treble,Knob,0,99,50.0,
DST,0x03,0,Green OD,0,Gain,Knob,0,99,40.0,
DST,0x03,0,Green OD,1,Tone,Knob,0,99,70.0,
DST,0x03,0,Green OD,2,VOL,Knob,0,99,50.0,
DST,0x03,2,Yellow OD,0,Gain,Knob,0,99,40.0,
DST,0x03,2,Yellow OD,1,VOL,Knob,0,99,50.0,
DST,0x03,6,Super OD,0,Gain,Knob,0,99,50.0,
DST,0x03,6,Super OD,1,Tone,Knob,0,99,50.0,
DST,0x03,6,Super OD,2,VOL,Knob,0,99,50.0,
DST,0x03,9,Blues OD,0,Gain,Knob,0,99,40.0,
DST,0x03,9,Blues OD,1,Tone,Knob,0,99,60.0,
DST,0x03,9,Blues OD,2,VOL,Knob,0,99,50.0,
DST,0x03,34,Lazaro,0,Sustain,Knob,0,99,40.0,
DST,0x03,34,Lazaro,1,Tone,Knob,0,99,50.0,
DST,0x03,34,Lazaro,2,VOL,Knob,0,99,50.0,
DST,0x03,36,Red Haze,0,Fuzz,Knob,0,99,50.0,
DST,0x03,36,Red Haze,1,VOL,Knob,0,99,50.0,
DST,0x03,43,Darktale,0,Gain,Knob,0,99,50.0,
DST,0x03,43,Darktale,1,Filter,Knob,0,99,50.0,
DST,0x03,43,Darktale,2,VOL,Knob,0,99,50.0,
DST,0x03,63,Flex OD,0,Gain,Knob,0,99,50.0,
DST,0x03,63,Flex OD,1,Tone,Knob,0,99,50.0,
DST,0x03,63,Flex OD,2,VOL,Knob,0,99,50.0,
DST,0x03,63,Flex OD,3,Mode,Combox,,,0,Normal|Scoop|Edge
DST,0x03,63,Flex OD,4,Blend,Knob,0,99,50,
DST,0x03,42,SM Dist,0,Gain,Knob,0,99,50.0,
DST,0x03,42,SM Dist,1,Tone,Knob,0,99,50.0,
DST,0x03,42,SM Dist,2,VOL,Knob,0,99,50.0,
DST,0x03,48,La Charger,0,Gain,Knob,0,99,50.0,
DST,0x03,48,La Charger,1,Tone,Knob,0,99,50.0,
DST,0x03,48,La Charger,2,VOL,Knob,0,99,50,
DST,0x03,64,Bass Dist,0,Gain,Knob,0,99,50.0,
DST,0x03,64,Bass Dist,1,Blend,Knob,0,99,50.0,
DST,0x03,64,Bass Dist,2,VOL,Knob,0,99,50.0,
DST,0x03,64,Bass Dist,3,Bass,Knob,0,99,50.0,
DST,0x03,64,Bass Dist,4,Treble,Knob,0,99,50.0,
DST,0x00,26,Boost,0,Gain,Knob,0,99,20.0,
DST,0x00,26,Boost,1,Bright,Switch,,,0,On|Off
DST,0x00,14,14 Boost,0,Gain,Knob,0,99,50.0,
AMP,0x07,1,Tweedy,0,VOL,Knob,0,99,20.0,
AMP,0x07,1,Tweedy,1,Tone,Knob,0,99,50.0,
AMP,0x07,1,Tweedy,2,Output,Knob,0,99,50.0,
AMP,0x07,3,Bellman 59N,0,VOL,Knob,0,99,20.0,
AMP,0x07,3,Bellman 59N,1,PRES ,Knob,0,99,50.0,
AMP,0x07,3,Bellman 59N,2,Output,Knob,0,99,50.0,
AMP,0x07,3,Bellman 59N,3,Bass,Knob,0,99,30.0,
AMP,0x07,3,Bellman 59N,4,Middle,Knob,0,99,50.0,
AMP,0x07,3,Bellman 59N,5,Treble,Knob,0,99,50.0,
AMP,0x07,4,Dark Twin,0,VOL,Knob,0,99,20.0,
AMP,0x07,4,Dark Twin,1,Output,Knob,0,99,50.0,
AMP,0x07,4,Dark Twin,2,Bass,Knob,0,99,50.0,
AMP,0x07,4,Dark Twin,3,Middle,Knob,0,99,40.0,
AMP,0x07,4,Dark Twin,4,Treble,Knob,0,99,60.0,
AMP,0x07,4,Dark Twin,5,Bright,Switch,,,1,On|Off
AMP,0x07,25,L-Star CL,0,Gain,Knob,0,99,40.0,
AMP,0x07,25,L-Star CL,1,PRES,Knob,0,99,50.0,
AMP,0x07,25,L-Star CL,2,Master,Knob,0,99,50.0,
AMP,0x07,25,L-Star CL,3,Bass,Knob,0,99,50.0,
AMP,0x07,25,L-Star CL,4,Middle,Knob,0,99,50.0,
AMP,0x07,25,L-Star CL,5,Treble,Knob,0,99,50.0,
AMP,0x07,17,Foxy 30N,0,VOL,Knob,0,99,20.0,
AMP,0x07,17,Foxy 30N,1,Cut,Knob,0,99,60.0,
AMP,0x07,17,Foxy 30N,2,Master,Knob,0,99,50.0,
AMP,0x07,17,Foxy 30N,3,Bright,Switch,,,0,On|Off
AMP,0x07,26,BogSV CL,0,Gain,Knob,0,99,20.0,
AMP,0x07,26,BogSV CL,1,PRES,Knob,0,99,50.0,
AMP,0x07,26,BogSV CL,2,Master,Knob,0,99,50.0,
AMP,0x07,26,BogSV CL,3,Bass,Knob,0,99,50.0,
AMP,0x07,26,BogSV CL,4,Treble,Knob,0,99,50.0,
AMP,0x07,26,BogSV CL,5,Bright,Switch,,,1,On|Off
AMP,0x07,20,J-120 CL,0,VOL,Knob,0,99,50.0,
AMP,0x07,20,J-120 CL,1,Bass,Knob,0,99,50.0,
AMP,0x07,20,J-120 CL,2,Middle,Knob,0,99,50.0,
AMP,0x07,20,J-120 CL,3,Treble,Knob,0,99,50.0,
AMP,0x07,20,J-120 CL,4,Bright,Switch,,,0,On|Off
AMP,0x07,21,Match CL,0,Gain,Knob,0,99,20.0,
AMP,0x07,21,Match CL,1,PRES,Knob,0,99,50.0,
AMP,0x07,21,Match CL,2,Master,Knob,0,99,50.0,
AMP,0x07,21,Match CL,3,Bass,Knob,0,99,50.0,
AMP,0x07,21,Match CL,4,Middle,Knob,0,99,50.0,
AMP,0x07,21,Match CL,5,Treble,Knob,0,99,50.0,
AMP,0x07,27,Z38 CL,0,Gain,Knob,0,99,20.0,
AMP,0x07,27,Z38 CL,1,Cut,Knob,0,99,50.0,
AMP,0x07,27,Z38 CL,2,Master,Knob,0,99,50.0,
AMP,0x07,27,Z38 CL,3,Bass,Knob,0,99,50.0,
AMP,0x07,27,Z38 CL,4,Middle,Knob,0,99,50.0,
AMP,0x07,27,Z38 CL,5,Treble,Knob,0,99,50.0,
AMP,0x07,31,Knights CL,0,Gain,Knob,0,99,20.0,
AMP,0x07,31,Knights CL,1,VOL,Knob,0,99,50.0,
AMP,0x07,31,Knights CL,2,Bass,Knob,0,99,50.0,
AMP,0x07,31,Knights CL,3,Middle,Knob,0,99,50.0,
AMP,0x07,31,Knights CL,4,Treble,Knob,0,99,50.0,
AMP,0x07,34,Bad-KT CL,0,Gain,Knob,0,99,20.0,
AMP,0x07,34,Bad-KT CL,1,PRES,Knob,0,99,50.0,
AMP,0x07,34,Bad-KT CL,2,Master,Knob,0,99,50.0,
AMP,0x07,42,UK 45,0,VOL,Knob,0,99,30.0,
AMP,0x07,42,UK 45,1,PRES,Knob,0,99,50.0,
AMP,0x07,42,UK 45,2,Output,Knob,0,99,50.0,
AMP,0x07,42,UK 45,3,Bass,Knob,0,99,50.0,
AMP,0x07,42,UK 45,4,Middle,Knob,0,99,50.0,
AMP,0x07,42,UK 45,5,Treble,Knob,0,99,50.0,
AMP,0x07,47,UK 50JP,0,VOL 1,Knob,0,99,30.0,
AMP,0x07,47,UK 50JP,1,PRES,Knob,0,99,50.0,
AMP,0x07,47,UK 50JP,2,Output,Knob,0,99,50.0,
AMP,0x07,47,UK 50JP,3,Bass,Knob,0,99,50.0,
AMP,0x07,47,UK 50JP,4,Middle ,Knob,0,99,50.0,
AMP,0x07,47,UK 50JP,5,Treble,Knob,0,99,50.0,
AMP,0x07,47,UK 50JP,6,VOL 2,Knob,0,99,50.0,
AMP,0x07,53,UK 800,0,Gain,Knob,0,99,30.0,
AMP,0x07,53,UK 800,1,PRES,Knob,0,99,50.0,
AMP,0x07,53,UK 800,2,Master,Knob,0,99,50.0,
AMP,0x07,53,UK 800,3,Bass,Knob,0,99,50.0,
AMP,0x07,53,UK 800,4,Middle,Knob,0,99,50.0,
AMP,0x07,53,UK 800,5,Treble,Knob,0,99,50.0,
AMP,0x07,64,Flagman,0,Gain,Knob,0,99,30.0,
AMP,0x07,64,Flagman,1,PRES,Knob,0,99,50.0,
AMP,0x07,64,Flagman,2,Master,Knob,0,99,50.0,
AMP,0x07,64,Flagman,3,Bass,Knob,0,99,50.0,
AMP,0x07,64,Flagman,4,Middle ,Knob,0,99,50.0,
AMP,0x07,64,Flagman,5,Treble,Knob,0,99,50.0,
AMP,0x07,73,Z38 OD,0,Gain,Knob,0,99,30.0,
AMP,0x07,73,Z38 OD,1,Cut,Knob,0,99,50.0,
AMP,0x07,73,Z38 OD,2,Master,Knob,0,99,50.0,
AMP,0x07,73,Z38 OD,3,Bass,Knob,0,99,50.0,
AMP,0x07,73,Z38 OD,4,Middle,Knob,0,99,50.0,
AMP,0x07,73,Z38 OD,5,Treble,Knob,0,99,50.0,
AMP,0x07,61,BogSV OD,0,Gain,Knob,0,99,30.0,
AMP,0x07,61,BogSV OD,1,PRES,Knob,0,99,50.0,
AMP,0x07,61,BogSV OD,2,Master,Knob,0,99,50.0,
AMP,0x07,61,BogSV OD,3,Bass,Knob,0,99,50.0,
AMP,0x07,61,BogSV OD,4,Middle,Knob,0,99,50.0,
AMP,0x07,61,BogSV OD,5,Treble,Knob,0,99,50.0,
AMP,0x07,36,Bellman 59B,0,VOL,Knob,0,99,30.0,
AMP,0x07,36,Bellman 59B,1,PRES,Knob,0,99,50.0,
AMP,0x07,36,Bellman 59B,2,Output,Knob,0,99,50.0,
AMP,0x07,36,Bellman 59B,3,Bass,Knob,0,99,50.0,
AMP,0x07,36,Bellman 59B,4,Middle,Knob,0,99,50.0,
AMP,0x07,36,Bellman 59B,5,Treble,Knob,0,99,50.0,
AMP,0x07,39,Foxy 30TB,0,VOL,Knob,0,99,30.0,
AMP,0x07,39,Foxy 30TB,1,Cut,Knob,0,99,50.0,
AMP,0x07,39,Foxy 30TB,2,Master,Knob,0,99,50.0,
AMP,0x07,39,Foxy 30TB,3,Bass,Knob,0,99,50.0,
AMP,0x07,39,Foxy 30TB,4,Treble,Knob,0,99,50.0,
AMP,0x07,39,Foxy 30TB,5,Char,Combox,,,,Cool|Hot
AMP,0x07,40,SUPDual OD,0,VOL 1,Knob,0,99,50.0,
AMP,0x07,40,SUPDual OD,1,Tone 1,Knob,0,99,50.0,
AMP,0x07,40,SUPDual OD,2,VOL 2,Knob,0,99,50.0,
AMP,0x07,40,SUPDual OD,3,Tone 2,Knob,0,99,50.0,
AMP,0x07,40,SUPDual OD,4,Output,Knob,0,99,50.0,
AMP,0x07,72,Match OD,0,Gain,Knob,0,99,30.0,
AMP,0x07,72,Match OD,1,PRES,Knob,0,99,50.0,
AMP,0x07,72,Match OD,2,Master,Knob,0,99,50.0,
AMP,0x07,72,Match OD,3,Bass,Knob,0,99,50.0,
AMP,0x07,72,Match OD,4,Middle,Knob,0,99,50.0,
AMP,0x07,72,Match OD,5,Treble,Knob,0,99,50.0,
AMP,0x07,71,Solo100 OD,0,Gain,Knob,0,99,30.0,
AMP,0x07,71,Solo100 OD,1,PRES,Knob,0,99,50.0,
AMP,0x07,71,Solo100 OD,2,Master,Knob,0,99,50.0,
AMP,0x07,71,Solo100 OD,3,Bass,Knob,0,99,50.0,
AMP,0x07,71,Solo100 OD,4,Middle,Knob,0,99,50.0,
AMP,0x07,71,Solo100 OD,5,Treble,Knob,0,99,50.0,
AMP,0x07,74,L-Star OD,0,Gain,Knob,0,99,30.0,
AMP,0x07,74,L-Star OD,1,PRES,Knob,0,99,50.0,
AMP,0x07,74,L-Star OD,2,Master,Knob,0,99,50.0,
AMP,0x07,74,L-Star OD,3,Bass,Knob,0,99,50.0,
AMP,0x07,74,L-Star OD,4,Middle,Knob,0,99,50.0,
AMP,0x07,74,L-Star OD,5,Treble,Knob,0,99,50.0,
AMP,0x07,75,Bad-KT OD,0,Gain,Knob,0,99,30.0,
AMP,0x07,75,Bad-KT OD,1,PRES,Knob,0,99,50.0,
AMP,0x07,75,Bad-KT OD,2,Master,Knob,0,99,50.0,
AMP,0x07,75,Bad-KT OD,3,Bass,Knob,0,99,50.0,
AMP,0x07,75,Bad-KT OD,4,Edge,Knob,0,99,50.0,
AMP,0x07,75,Bad-KT OD,5,Treble,Knob,0,99,50.0,
AMP,0x07,57,Mess2C+ 1,0,Gain,Knob,0,99,30.0,
AMP,0x07,57,Mess2C+ 1,1,PRES,Knob,0,99,50.0,
AMP,0x07,57,Mess2C+ 1,2,Master,Knob,0,99,50.0,
AMP,0x07,57,Mess2C+ 1,3,Bass,Knob,0,99,50.0,
AMP,0x07,57,Mess2C+ 1,4,Middle,Knob,0,99,50.0,
AMP,0x07,57,Mess2C+ 1,5,Treble,Knob,0,99,50.0,
AMP,0x07,58,Mess2C+ 2,0,Gain,Knob,0,99,30.0,
AMP,0x07,58,Mess2C+ 2,1,PRES,Knob,0,99,50.0,
AMP,0x07,58,Mess2C+ 2,2,Master,Knob,0,99,50.0,
AMP,0x07,58,Mess2C+ 2,3,Bass,Knob,0,99,50.0,
AMP,0x07,58,Mess2C+ 2,4,Middle,Knob,0,99,50.0,
AMP,0x07,58,Mess2C+ 2,5,Treble,Knob,0,99,50.0,
AMP,0x07,124,Knights OD,0,Gain,Knob,0,99,30.0,
AMP,0x07,124,Knights OD,1,Bass,Knob,0,99,50.0,
AMP,0x07,124,Knights OD,2,Middle,Knob,0,99,50.0,
AMP,0x07,124,Knights OD,3,Treble,Knob,0,99,50.0,
AMP,0x07,124,Knights OD,4,VOL,Knob,0,99,50.0,
AMP,0x07,101,Dizz VH,0,Gain,Knob,0,99,50.0,
AMP,0x07,101,Dizz VH,1,PRES,Knob,0,99,50.0,
AMP,0x07,101,Dizz VH,2,Master,Knob,0,99,50.0,
AMP,0x07,101,Dizz VH,3,Bass,Knob,0,99,50.0,
AMP,0x07,101,Dizz VH,4,Middle,Knob,0,99,50.0,
AMP,0x07,101,Dizz VH,5,Treble,Knob,0,99,50.0,
AMP,0x07,95,Eagle 120,0,Gain,Knob,0,99,50.0,
AMP,0x07,95,Eagle 120,1,PRES,Knob,0,99,50.0,
AMP,0x07,95,Eagle 120,2,Master,Knob,0,99,50.0,
AMP,0x07,95,Eagle 120,3,Bass,Knob,0,99,50.0,
AMP,0x07,95,Eagle 120,4,Middle,Knob,0,99,50.0,
AMP,0x07,95,Eagle 120,5,Treble,Knob,0,99,50.0,
AMP,0x07,90,EV 51,0,Gain,Knob,0,99,50.0,
AMP,0x07,90,EV 51,1,Master,Knob,0,99,50.0,
AMP,0x07,90,EV 51,2,Bass,Knob,0,99,50.0,
AMP,0x07,90,EV 51,3,Middle,Knob,0,99,50.0,
AMP,0x07,90,EV 51,4,Treble,Knob,0,99,50.0,
AMP,0x07,90,EV 51,5,PRES,Knob,0,99,50.0,
AMP,0x07,89,Solo100 LD,0,Gain,Knob,0,99,50.0,
AMP,0x07,89,Solo100 LD,1,PRES,Knob,0,99,50.0,
AMP,0x07,89,Solo100 LD,2,Master,Knob,0,99,50.0,
AMP,0x07,89,Solo100 LD,3,Bass,Knob,0,99,50.0,
AMP,0x07,89,Solo100 LD,4,Middle,Knob,0,99,50.0,
AMP,0x07,89,Solo100 LD,5,Treble,Knob,0,99,50.0,
AMP,0x07,85,Mess4 LD,0,Gain,Knob,0,99,50.0,
AMP,0x07,85,Mess4 LD,1,PRES,Knob,0,99,50.0,
AMP,0x07,85,Mess4 LD,2,Master,Knob,0,99,50.0,
AMP,0x07,85,Mess4 LD,3,Bass,Knob,0,99,50.0,
AMP,0x07,85,Mess4 LD,4,Middle,Knob,0,99,50.0,
AMP,0x07,85,Mess4 LD,5,Treble,Knob,0,99,50.0,
AMP,0x07,104,Mess DualV,0,Gain,Knob,0,99,50.0,
AMP,0x07,104,Mess DualV,1,PRES,Knob,0,99,50.0,
AMP,0x07,104,Mess DualV,2,Master,Knob,0,99,50.0,
AMP,0x07,104,Mess DualV,3,Bass,Knob,0,99,50.0,
AMP,0x07,104,Mess DualV,4,Middle,Knob,0,99,50.0,
AMP,0x07,104,Mess DualV,5,Treble,Knob,0,99,50.0,
AMP,0x07,99,Power LD,0,Gain,Knob,0,99,50.0,
AMP,0x07,99,Power LD,1,PRES,Knob,0,99,50.0,
AMP,0x07,99,Power LD,2,Master,Knob,0,99,50.0,
AMP,0x07,99,Power LD,3,Bass,Knob,0,99,50.0,
AMP,0x07,99,Power LD,4,Middle,Knob,0,99,50.0,
AMP,0x07,99,Power LD,5,Treble,Knob,0,99,50.0,
AMP,0x07,93,Flagman+,0,Gain,Knob,0,99,50.0,
AMP,0x07,93,Flagman+,1,PRES,Knob,0,99,50.0,
AMP,0x07,93,Flagman+,2,Master,Knob,0,99,50.0,
AMP,0x07,93,Flagman+,3,Bass,Knob,0,99,50.0,
AMP,0x07,93,Flagman+,4,Middle,Knob,0,99,50.0,
AMP,0x07,93,Flagman+,5,Treble,Knob,0,99,50.0,
AMP,0x07,83,Juice R100,0,Gain,Knob,0,99,50.0,
AMP,0x07,83,Juice R100,1,Master,Knob,0,99,50.0,
AMP,0x07,83,Juice R100,2,Bass,Knob,0,99,50.0,
AMP,0x07,83,Juice R100,3,Middle,Knob,0,99,50.0,
AMP,0x07,83,Juice R100,4,Treble,Knob,0,99,50.0,
AMP,0x07,105,Mess DualM,0,Gain,Knob,0,99,50.0,
AMP,0x07,105,Mess DualM,1,PRES,Knob,0,99,50.0,
AMP,0x07,105,Mess DualM,2,Master,Knob,0,99,50.0,
AMP,0x07,105,Mess DualM,3,Bass,Knob,0,99,50.0,
AMP,0x07,105,Mess DualM,4,Middle,Knob,0,99,50.0,
AMP,0x07,105,Mess DualM,5,Treble,Knob,0,99,50.0,
AMP,0x07,109,Bog BlueV,0,Gain,Knob,0,99,50.0,
AMP,0x07,109,Bog BlueV,1,PRES,Knob,0,99,50.0,
AMP,0x07,109,Bog BlueV,2,Master,Knob,0,99,50.0,
AMP,0x07,109,Bog BlueV,3,Bass,Knob,0,99,50.0,
AMP,0x07,109,Bog BlueV,4,Middle,Knob,0,99,50.0,
AMP,0x07,109,Bog BlueV,5,Treble,Knob,0,99,50.0,
AMP,0x07,110,Bog RedM,0,Gain,Knob,0,99,50.0,
AMP,0x07,110,Bog RedM,1,PRES,Knob,0,99,50.0,
AMP,0x07,110,Bog RedM,2,Master,Knob,0,99,50.0,
AMP,0x07,110,Bog RedM,3,Bass,Knob,0,99,50.0,
AMP,0x07,110,Bog RedM,4,Middle,Knob,0,99,50.0,
AMP,0x07,110,Bog RedM,5,Treble,Knob,0,99,50.0,
AMP,0x07,78,UK 900,0,Gain,Knob,0,99,50.0,
AMP,0x07,78,UK 900,1,PRES,Knob,0,99,50.0,
AMP,0x07,78,UK 900,2,Master,Knob,0,99,50.0,
AMP,0x07,78,UK 900,3,Bass,Knob,0,99,50.0,
AMP,0x07,78,UK 900,4,Middle,Knob,0,99,50.0,
AMP,0x07,78,UK 900,5,Treble,Knob,0,99,50.0,
AMP,0x07,115,Classic Bass,0,Gain,Knob,0,99,50.0,
AMP,0x07,115,Classic Bass,1,Bass,Knob,0,99,50.0,
AMP,0x07,115,Classic Bass,2,Middle,Knob,0,99,50.0,
AMP,0x07,115,Classic Bass,3,MRange,Combox,,,1,220Hz|450Hz|800Hz|1.6kHz|3kHz
AMP,0x07,115,Classic Bass,4,Treble,Knob,0,99,50.0,
AMP,0x07,115,Classic Bass,5,Master,Knob,0,99,50.0,
AMP,0x08,118,Bass Pre,0,VOL,Knob,0,99,50.0,
AMP,0x08,118,Bass Pre,1,Bright,Switch,,,0,On|Off
AMP,0x08,118,Bass Pre,2,Bass,Knob,0,99,50.0,
AMP,0x08,118,Bass Pre,3,Middle,Knob,0,99,50.0,
AMP,0x08,118,Bass Pre,4,Treble,Knob,0,99,50.0,
AMP,0x08,117,Mini Bass,0,VOL,Knob,0,99,50.0,
AMP,0x08,117,Mini Bass,1,Bass,Knob,0,99,50.0,
AMP,0x08,117,Mini Bass,2,Treble,Knob,0,99,50.0,
AMP,0x07,117,Foxy Bass,0,VOL,Knob,0,99,50.0,
AMP,0x07,117,Foxy Bass,1,Bass,Knob,0,99,50.0,
AMP,0x07,117,Foxy Bass,2,Treble,Knob,0,99,50.0,
AMP,0x07,119,Mess Bass,0,VOL,Knob,0,99,50.0,
AMP,0x07,119,Mess Bass,1,Master,Knob,0,99,50.0,
AMP,0x07,119,Mess Bass,2,Bass,Knob,0,99,50.0,
AMP,0x07,119,Mess Bass,3,Middle,Knob,0,99,50.0,
AMP,0x07,119,Mess Bass,4,Treble,Knob,0,99,50.0,
AMP,0x08,122,AC Pre,0,VOL,Knob,0,99,50.0,
AMP,0x08,122,AC Pre,1,Tone,Knob,0,99,50.0,
AMP,0x08,122,AC Pre,2,Gain,Knob,0,99,50.0,
AMP,0x08,122,AC Pre,3,EQ Freq,Knob,0,99,50.0,
AMP,0x08,122,AC Pre,4,EQ Q,Knob,0,99,50.0,
AMP,0x08,122,AC Pre,5,EQ Gain,Knob,0,99,50.0,
AMP,0x0F,0,SnapTone 1,0,Gain,Knob,0,99,50.0,
AMP,0x0F,0,SnapTone 1,1,VOL,Knob,0,99,50.0,
AMP,0x0F,0,SnapTone 1,2,Bass,Knob,0,99,50.0,
AMP,0x0F,0,SnapTone 1,3,Middle,Knob,0,99,50.0,
AMP,0x0F,0,SnapTone 1,4,Treble,Knob,0,99,50.0,
AMP,0x0F,1,SnapTone 2,0,Gain,Knob,0,99,50.0,
AMP,0x0F,1,SnapTone 2,1,VOL,Knob,0,99,50.0,
AMP,0x0F,1,SnapTone 2,2,Bass,Knob,0,99,50.0,
AMP,0x0F,1,SnapTone 2,3,Middle,Knob,0,99,50.0,
AMP,0x0F,1,SnapTone 2,4,Treble,Knob,0,99,50.0,
AMP,0x0F,2,SnapTone 3,0,Gain,Knob,0,99,50.0,
AMP,0x0F,2,SnapTone 3,1,VOL,Knob,0,99,50.0,
AMP,0x0F,2,SnapTone 3,2,Bass,Knob,0,99,50.0,
AMP,0x0F,2,SnapTone 3,3,Middle,Knob,0,99,50.0,
AMP,0x0F,2,SnapTone 3,4,Treble,Knob,0,99,50.0,
AMP,0x0F,3,SnapTone 4,0,Gain,Knob,0,99,50.0,
AMP,0x0F,3,SnapTone 4,1,VOL,Knob,0,99,50.0,
AMP,0x0F,3,SnapTone 4,2,Bass,Knob,0,99,50.0,
AMP,0x0F,3,SnapTone 4,3,Middle,Knob,0,99,50.0,
AMP,0x0F,3,SnapTone 4,4,Treble,Knob,0,99,50.0,
AMP,0x0F,4,SnapTone 5,0,Gain,Knob,0,99,50.0,
AMP,0x0F,4,SnapTone 5,1,VOL,Knob,0,99,50.0,
AMP,0x0F,4,SnapTone 5,2,Bass,Knob,0,99,50.0,
AMP,0x0F,4,SnapTone 5,3,Middle,Knob,0,99,50.0,
AMP,0x0F,4,SnapTone 5,4,Treble,Knob,0,99,50.0,
NR,0x00,27,Gate 1,0,Thre ,Knob,0,99,20.0,
NR,0x00,29,Gate 2,0,Thre,Knob,0,99,20.0,
NR,0x00,29,Gate 2,1,Attack,Knob,0,99,25.0,
NR,0x00,29,Gate 2,2,Rel,Knob,0,99,60.0,
CAB,0x0A,27,TWD 2x12,0,Volume,Knob,0,99,50.0,
CAB,0x0A,18,DarkTW 2x12,0,Volume,Knob,0,99,50.0,
CAB,0x0A,25,L-Star 2x12,0,Volume,Knob,0,99,50.0,
CAB,0x0A,28,2Rick 2x12,0,Volume,Knob,0,99,50.0,
CAB,0x0A,17,J-120 2x12,0,Volume,Knob,0,99,50.0,
CAB,0x0A,19,UK-GN 2x12,0,Volume,Knob,0,99,50.0,
CAB,0x0A,26,Free 2x12,0,Volume,Knob,0,99,50.0,
CAB,0x0A,48,UK-75 4x12,0,Volume,Knob,0,99,50.0,
CAB,0x0A,34,UK-GN 4x12,0,Volume,Knob,0,99,50.0,
CAB,0x0A,31,UK-LD 4x12,0,Volume,Knob,0,99,50.0,
CAB,0x0A,43,UK-DK 4x12,0,Volume,Knob,0,99,50.0,
CAB,0x0A,33,UK-MD 4x12,0,Volume,Knob,0,99,50.0,
CAB,0x0A,39,Pogner 4x12,0,Volume,Knob,0,99,50.0,
CAB,0x0A,46,Dizz 4x12,0,Volume,Knob,0,99,50.0,
CAB,0x0A,38,Eagle 4x12,0,Volume,Knob,0,99,50.0,
CAB,0x0A,32,EV51 4x12,0,Volume,Knob,0,99,50.0,
CAB,0x0A,40,Solo 4x12,0,Volume,Knob,0,99,50.0,
CAB,0x0A,49,US 4x12,0,Volume,Knob,0,99,50.0,
CAB,0x0A,36,Mess-D 4x12,0,Volume,Knob,0,99,50.0,
CAB,0x0A,44,U-ban 4x12,0,Volume,Knob,0,99,50.0,
CAB,0x0A,41,Juice 4x12,0,Volume,Knob,0,99,50.0,
CAB,0x0A,42,H-Way 4x12,0,Volume,Knob,0,99,50.0,
CAB,0x0A,6,BogSV 1x12,0,Volume,Knob,0,99,50.0,
CAB,0x0A,4,Dark 1x12,0,Volume,Knob,0,99,50.0,
CAB,0x0A,13,Regular 1x12,0,Volume,Knob,0,99,50.0,
CAB,0x0A,7,Bad-KT 1x12,0,Volume,Knob,0,99,50.0,
CAB,0x0A,8,Foxy 1x12,0,Volume,Knob,0,99,50.0,
CAB,0x0A,12,Studio 1x12,0,Volume,Knob,0,99,50.0,
CAB,0x0A,0,SUP 1x6,0,Volume,Knob,0,99,50.0,
CAB,0x0A,1,TWD 1x8,0,Volume,Knob,0,99,50.0,
CAB,0x0A,2,TWD-P 1x10,0,Volume,Knob,0,99,50.0,
CAB,0x0A,30,Bellman 4x10,0,Volume,Knob,0,99,50.0,
CAB,0x0A,53,MessBass 2x10,0,Volume,Knob,0,99,50.0,
CAB,0x0A,57,Max 4x10,0,Volume,Knob,0,99,50.0,
CAB,0x0A,56,Ameg 4x10,0,Volume,Knob,0,99,50.0,
CAB,0x0A,59,Ameg 8x10,0,Volume,Knob,0,99,50.0,
CAB,0x0A,60,D,0,Volume,Knob,0,99,50.0,
CAB,0x0A,62,OM,0,Volume,Knob,0,99,50.0,
CAB,0x0A,63,Jumbo,0,Volume,Knob,0,99,50.0,
CAB,0x0A,65,GA,0,Volume,Knob,0,99,50.0,
CAB,0x0A,1048576,,0,Volume,Knob,0,99,50.0,
CAB,0x0A,1048577,,0,Volume,Knob,0,99,50.0,
CAB,0x0A,1048578,,0,Volume,Knob,0,99,50.0,
CAB,0x0A,1048579,,0,Volume,Knob,0,99,50.0,
CAB,0x0A,1048580,,0,Volume,Knob,0,99,50.0,
CAB,0x0A,1048581,,0,Volume,Knob,0,99,50.0,
CAB,0x0A,1048582,,0,Volume,Knob,0,99,50.0,
CAB,0x0A,1048583,,0,Volume,Knob,0,99,50.0,
CAB,0x0A,1048584,,0,Volume,Knob,0,99,50.0,
CAB,0x0A,1048585,,0,Volume,Knob,0,99,50.0,
CAB,0x0A,1048586,,0,Volume,Knob,0,99,50.0,
CAB,0x0A,1048587,,0,Volume,Knob,0,99,50.0,
CAB,0x0A,1048588,,0,Volume,Knob,0,99,50.0,
CAB,0x0A,1048589,,0,Volume,Knob,0,99,50.0,
CAB,0x0A,1048590,,0,Volume,Knob,0,99,50.0,
CAB,0x0A,1048591,,0,Volume,Knob,0,99,50.0,
CAB,0x0A,1048592,,0,Volume,Knob,0,99,50.0,
CAB,0x0A,1048593,,0,Volume,Knob,0,99,50.0,
CAB,0x0A,1048594,,0,Volume,Knob,0,99,50.0,
CAB,0x0A,1048595,,0,Volume,Knob,0,99,50.0,
EQ,0x01,53,EQ 1,0,125Hz,Knob,-50,50,0.0,
EQ,0x01,53,EQ 1,1,400Hz,Knob,-50,50,0.0,
EQ,0x01,53,EQ 1,2,800Hz,Knob,-50,50,0.0,
EQ,0x01,53,EQ 1,3,1.6kHz,Knob,-50,50,0.0,
EQ,0x01,53,EQ 1,4,4kHz,Knob,-50,50,0.0,
EQ,0x01,53,EQ 1,5,VOL ,Knob,0,99,50.0,
EQ,0x01,58,EQ 2,0,50Hz,Knob,-50,50,0.0,
EQ,0x01,58,EQ 2,1,120Hz,Knob,-50,50,0.0,
EQ,0x01,58,EQ 2,2,400Hz,Knob,-50,50,0.0,
EQ,0x01,58,EQ 2,3,800Hz,Knob,-50,50,0.0,
EQ,0x01,58,EQ 2,4,2kHz,Knob,-50,50,0.0,
EQ,0x01,58,EQ 2,5,VOL ,Knob,0,99,50.0,
EQ,0x01,60,Mess EQ,0,80Hz,Knob,-50,50,0.0,
EQ,0x01,60,Mess EQ,1,240Hz,Knob,-50,50,0.0,
EQ,0x01,60,Mess EQ,2,750Hz,Knob,-50,50,0.0,
EQ,0x01,60,Mess EQ,3,2.2kHz,Knob,-50,50,0.0,
EQ,0x01,60,Mess EQ,4,6.6kHz,Knob,-50,50,0.0,
MOD,0x04,0,A-Chorus,0,Depth,Knob,0,99,50.0,
MOD,0x04,0,A-Chorus,1,Rate,Knob,0.1,10,0.5,
MOD,0x04,0,A-Chorus,2,Tone,Knob,0,99,50.0,
MOD,0x04,0,A-Chorus,3,Sync,Switch,,,0,On|Off
MOD,0x04,1,G-Chorus,0,Depth,Knob,0,99,50.0,
MOD,0x04,1,G-Chorus,1,Rate,Knob,0.1,10,0.5,
MOD,0x04,1,G-Chorus,2,VOL,Knob,0,99,50.0,
MOD,0x04,1,G-Chorus,3,Sync,Switch,,,0,On|Off
MOD,0x04,8,B-Chorus,0,Depth,Knob,0,99,50.0,
MOD,0x04,8,B-Chorus,1,Rate,Knob,0.1,10,0.5,
MOD,0x04,8,B-Chorus,2,Level,Knob,0,99,50.0,
MOD,0x04,8,B-Chorus,3,Sync,Switch,,,0,On|Off
MOD,0x01,41,Detune,0,Detune,Knob,-50,50,-25,
MOD,0x01,41,Detune,1,Wet,Knob,0,99,50.0,
MOD,0x01,41,Detune,2,Dry,Knob,0,99,50.0,
MOD,0x04,17,Flanger,0,Depth,Knob,0,99,50.0,
MOD,0x04,17,Flanger,1,Rate,Knob,0.1,10,0.5,
MOD,0x04,17,Flanger,2,PreDly,Knob,0,99,50.0,
MOD,0x04,17,Flanger,3,FdBk,Knob,0,99,50.0,
MOD,0x04,17,Flanger,4,Sync,Switch,,,0,On|Off
MOD,0x04,21,Vibrato,0,Depth,Knob,0,99,50.0,
MOD,0x04,21,Vibrato,1,Rate,Knob,0.1,10,0.5,
MOD,0x04,21,Vibrato,2,Sync,Switch,,,0,On|Off
MOD,0x04,25,Phaser,0,Rate,Knob,0.1,10,0.5,
MOD,0x04,25,Phaser,1,Sync,Switch,,,0,On|Off
MOD,0x04,31,Vibe,0,Depth,Knob,0,99,50.0,
MOD,0x04,31,Vibe,1,Rate,Knob,0.1,10,0.5,
MOD,0x04,31,Vibe,2,Sync,Switch,,,0,On|Off
MOD,0x04,33,Opto Trem,0,Depth,Knob,0,99,50.0,
MOD,0x04,33,Opto Trem,1,Rate,Knob,0.1,10,0.5,
MOD,0x04,33,Opto Trem,2,Sync,Switch,,,0,On|Off
MOD,0x04,38,Sine Trem,0,Depth,Knob,0,99,50.0,
MOD,0x04,38,Sine Trem,1,Rate,Knob,0.1,10,0.5,
MOD,0x04,38,Sine Trem,2,VOL,Knob,0,99,50.0,
MOD,0x04,38,Sine Trem,3,Sync,Switch,,,0,On|Off
MOD,0x04,39,Triangle Trem,0,Depth,Knob,0,99,50.0,
MOD,0x04,39,Triangle Trem,1,Rate,Knob,0.1,10,0.5,
MOD,0x04,39,Triangle Trem,2,VOL,Knob,0,99,50.0,
MOD,0x04,39,Triangle Trem,3,Sync,Switch,,,0,On|Off
MOD,0x04,40,Bias Trem,0,Depth,Knob,0,99,50.0,
MOD,0x04,40,Bias Trem,1,Rate,Knob,0.1,10,0.5,
MOD,0x04,40,Bias Trem,2,VOL,Knob,0,99,50.0,
MOD,0x04,40,Bias Trem,3,Sync,Switch,,,0,On|Off
MOD,0x04,40,Bias Trem,4,Bias,Knob,0,99,0,
DLY,0x0B,13,Sweet,0,Mix,Knob,0,99,20.0,
DLY,0x0B,13,Sweet,1,Time,Knob,20,4000,500.0,
DLY,0x0B,13,Sweet,2,FdBk,Knob,0,99,30.0,
DLY,0x0B,13,Sweet,3,Sync,Switch,,,0,On|Off
DLY,0x0B,13,Sweet,4,Tail,Switch,,,0,On|Off
DLY,0x0B,0,P-Echo,0,Mix,Knob,0,99,20.0,
DLY,0x0B,0,P-Echo,1,Time,Knob,20,4000,500.0,
DLY,0x0B,0,P-Echo,2,FdBk,Knob,0,99,50.0,
DLY,0x0B,0,P-Echo,3,Sync,Switch,,,0,On|Off
DLY,0x0B,0,P-Echo,4,Tail,Switch,,,0,On|Off
DLY,0x0B,2,M-Echo,0,Mix,Knob,0,99,20.0,
DLY,0x0B,2,M-Echo,1,Time,Knob,20,4000,500.0,
DLY,0x0B,2,M-Echo,2,FdBk,Knob,0,99,50.0,
DLY,0x0B,2,M-Echo,3,Sync,Switch,,,0,On|Off
DLY,0x0B,2,M-Echo,4,Tail,Switch,,,0,On|Off
DLY,0x0B,11,T-Echo,0,Mix,Knob,0,99,20.0,
DLY,0x0B,11,T-Echo,1,Time,Knob,20,4000,500.0,
DLY,0x0B,11,T-Echo,2,FdBk,Knob,0,99,30.0,
DLY,0x0B,11,T-Echo,3,Sync,Switch,,,0,On|Off
DLY,0x0B,11,T-Echo,4,Tail,Switch,,,0,On|Off
DLY,0x0B,18,999 Echo,0,Mix,Knob,0,99,20.0,
DLY,0x0B,18,999 Echo,1,Time,Knob,20,4000,500.0,
DLY,0x0B,18,999 Echo,2,FdBk,Knob,0,99,30.0,
DLY,0x0B,18,999 Echo,3,Sync,Switch,,,0,On|Off
DLY,0x0B,18,999 Echo,4,Tail,Switch,,,0,On|Off
DLY,0x0B,19,Rev Echo,0,Mix,Knob,0,99,20.0,
DLY,0x0B,19,Rev Echo,1,FdBk,Knob,0,99,50.0,
DLY,0x0B,19,Rev Echo,2,Time,Knob,20,4000,500.0,
DLY,0x0B,19,Rev Echo,3,Sync,Switch,,,0,On|Off
DLY,0x0B,19,Rev Echo,4,Tail,Switch,,,0,On|Off
DLY,0x0B,5,Slapbk,0,Mix,Knob,0,99,20.0,
DLY,0x0B,5,Slapbk,1,Time,Knob,20,300,150.0,
DLY,0x0B,5,Slapbk,2,FdBk,Knob,0,99,50.0,
DLY,0x0B,5,Slapbk,3,Tail,Switch,,,0,On|Off
DLY,0x0B,20,Vin-Rack,0,Mix,Knob,0,99,20.0,
DLY,0x0B,20,Vin-Rack,1,FdBk,Knob,0,99,50.0,
DLY,0x0B,20,Vin-Rack,2,Time,Knob,20,4000,500.0,
DLY,0x0B,20,Vin-Rack,3,Mod,Knob,0,99,50.0,
DLY,0x0B,20,Vin-Rack,4,Tone,Knob,0,99,50.0,
DLY,0x0B,20,Vin-Rack,5,Sync,Switch,,,0,On|Off
DLY,0x0B,20,Vin-Rack,6,Trail,Switch,,,0,On|Off
DLY,0x0B,6,Swp Echo,0,Mix,Knob,0,99,20.0,
DLY,0x0B,6,Swp Echo,1,Fdbk,Knob,0,99,50.0,
DLY,0x0B,6,Swp Echo,2,Time,Knob,20,4000,500.0,
DLY,0x0B,6,Swp Echo,3,S-Depth,Knob,0,99,50,
DLY,0x0B,6,Swp Echo,4,S-Rate,Knob,0,99,50,
DLY,0x0B,6,Swp Echo,5,S-Sync,Switch,,,0,On|Off
DLY,0x0B,6,Swp Echo,6,T-Sync,Switch,,,0,On|Off
DLY,0x0B,6,Swp Echo,7,Trail,Switch,,,0,On|Off
DLY,0x0B,4,Ping Pong,0,Mix,Knob,0,99,20.0,
DLY,0x0B,4,Ping Pong,1,FdBk,Knob,0,99,50.0,
DLY,0x0B,4,Ping Pong,2,Time,Knob,20,4000,500.0,
DLY,0x0B,4,Ping Pong,3,Sync,Switch,,,0,On|Off
DLY,0x0B,4,Ping Pong,4,Trail,Switch,,,0,On|Off
DLY,0x0B,12,M-Echo2,0,Mix,Knob,0,99,20.0,
DLY,0x0B,12,M-Echo2,1,Time,Knob,20,4000,500.0,
DLY,0x0B,12,M-Echo2,2,FdBk,Knob,0,99,30.0,
DLY,0x0B,12,M-Echo2,3,Tone,Knob,0,99,50.0,
DLY,0x0B,12,M-Echo2,4,Sync,Switch,,,0,On|Off
DLY,0x0B,12,M-Echo2,5,Trail,Switch,,,0,On|Off
DLY,0x0B,3,Dual Echo,0,Mix A,Knob,0,99,20.0,
DLY,0x0B,3,Dual Echo,1,FdBk A,Knob,0,99,50.0,
DLY,0x0B,3,Dual Echo,2,Time A,Knob,20,4000,500.0,
DLY,0x0B,3,Dual Echo,3,Mix B,Knob,0,99,20.0,
DLY,0x0B,3,Dual Echo,4,FdBk B,Knob,0,99,50.0,
DLY,0x0B,3,Dual Echo,5,Time B,Knob,20,4000,400.0,
DLY,0x0B,3,Dual Echo,6,Sync A,Switch,,,0,On|Off
DLY,0x0B,3,Dual Echo,7,Sync B,Switch,,,0,On|Off
DLY,0x0B,3,Dual Echo,8,Trail,Switch,,,0,On|Off
RVB,0x0C,0,Room,0,Mix,Knob,0,99,30.0,
RVB,0x0C,0,Room,1,PreDly,Knob,0,100,50.0,
RVB,0x0C,0,Room,2,Decay,Knob,0,99,50.0,
RVB,0x0C,0,Room,3,Trail,Switch,,,0,On|Off
RVB,0x0C,1,Hall,0,Mix,Knob,0,99,30.0,
RVB,0x0C,1,Hall,1,PreDly,Knob,0,100,50.0,
RVB,0x0C,1,Hall,2,Decay,Knob,0,99,50.0,
RVB,0x0C,1,Hall,3,Trail,Switch,,,0,On|Off
RVB,0x0C,2,Church,0,Mix,Knob,0,99,30.0,
RVB,0x0C,2,Church,1,PreDly,Knob,0,100,50.0,
RVB,0x0C,2,Church,2,Decay,Knob,0,99,50.0,
RVB,0x0C,2,Church,3,Trail,Switch,,,0,On|Off
RVB,0x0C,3,Plate,0,Mix,Knob,0,99,30.0,
RVB,0x0C,3,Plate,1,Decay,Knob,0,99,50.0,
RVB,0x0C,3,Plate,2,H-Damp,Knob,0,99,50.0,
RVB,0x0C,3,Plate,3,Trail,Switch,,,0,On|Off
RVB,0x0C,4,Spring,0,Mix,Knob,0,99,30.0,
RVB,0x0C,4,Spring,1,Tone,Knob,0,99,50.0,
RVB,0x0C,4,Spring,2,Decay,Knob,0,99,50.0,
RVB,0x0C,4,Spring,3,Trail,Switch,,,0,On|Off
RVB,0x0C,6,N-Star,0,Mix,Knob,0,99,30.0,
RVB,0x0C,6,N-Star,1,Decay,Knob,0,99,50.0,
RVB,0x0C,6,N-Star,2,Trail,Switch,,,0,On|Off
RVB,0x0C,7,Deep Sea,0,Mix,Knob,0,99,30.0,
RVB,0x0C,7,Deep Sea,1,Decay,Knob,0,99,50.0,
RVB,0x0C,7,Deep Sea,2,Trail,Switch,,,0,On|Off
RVB,0x0C,8,Mod Verb,0,Mix,Knob,0,99,30.0,
RVB,0x0C,8,Mod Verb,1,PreDly,Knob,0,100,50.0,
RVB,0x0C,8,Mod Verb,2,Decay,Knob,0,99,50.0,
RVB,0x0C,8,Mod Verb,3,Lo End,Knob,-50,50,0.0,
RVB,0x0C,8,Mod Verb,4,Hi End,Knob,-50,50,0.0,
RVB,0x0C,8,Mod Verb,5,Trail,Switch,,,0,On|Off
RVB,0x0C,5,Clear Sky,0,Mix,Knob,0,99,30.0,
RVB,0x0C,5,Clear Sky,1,Decay,Knob,0,99,50.0,
RVB,0x0C,5,Clear Sky,2,Trail,Switch,,,0,On|Off
RVB,0x0C,9,Shimmer,0,Mix,Knob,0,99,50.0,
RVB,0x0C,9,Shimmer,1,PreDly,Knob,0,100,50.0,
RVB,0x0C,9,Shimmer,2,Decay,Knob,0,99,50.0,
RVB,0x0C,9,Shimmer,3,Lo End,Knob,-50,50,0.0,
RVB,0x0C,9,Shimmer,4,Hi End,Knob,-50,50,0.0,
RVB,0x0C,9,Shimmer,5,Trail,Switch,,,0,On|Off
